{"train_loss": [4.322325161350962, 4.075871593811932, 3.9217439295385805, 3.789076083151581, 3.6350561877345795, 3.5193508860400264, 3.419260380518101, 3.295392476079409, 3.205166426461066, 3.109101753405598, 3.039501157867939, 2.938002167455376, 2.848585505009917, 2.81903988412579, 2.702727202259366, 2.6251689909059372, 2.646434435759054, 2.4676617069927325, 2.579185052905851, 2.468388254990053], "test_acc": [8.85, 9.48, 16.78, 19.26, 26.76, 26.27, 32.44, 36.57, 40.13, 41.72, 46.47, 48.53, 52.69, 56.64, 58.06, 60.33, 62.09, 64.5, 64.39, 65.98]}