{"train_acc": [46.796, 65.058, 74.298, 81.618, 87.238], "test_acc": [55.71, 63.53, 65.71, 66.26, 65.99], "train_loss": [1.9684957395429197, 1.192160747697591, 0.8440247011916412, 0.5901582599677089, 0.39626246460182285]}