{"train_acc": [10.04, 21.426, 30.432, 38.794, 45.196, 49.494, 52.892, 55.334, 57.432, 59.22], "test_acc": [14.94, 24.31, 31.07, 40.54, 42.25, 45.76, 47.05, 46.37, 46.23, 47.33], "train_loss": [3.8775735758149716, 3.177058304362285, 2.714189929120681, 2.3084744855266095, 2.0152327752174317, 1.826987949326215, 1.6810500170568676, 1.5859277668359029, 1.4998241048639693, 1.4337714200129594]}