{"train_acc": [5.374, 12.276, 17.054, 20.682, 23.314, 25.184, 27.086, 29.27, 30.392, 32.054], "test_acc": [9.06, 15.95, 21.75, 23.98, 25.26, 26.51, 29.11, 29.49, 31.96, 33.67], "train_loss": [4.17033455835279, 3.699948281278391, 3.445070730145935, 3.2459118402827425, 3.1188093853728547, 3.0166120141973276, 2.92473071188573, 2.824447969646405, 2.7566514478620054, 2.676056431230072]}