{"train_acc": [6.526, 14.178, 21.078, 26.714, 32.122, 37.874, 41.956, 45.088, 47.022, 48.556], "test_acc": [10.89, 18.97, 24.2, 30.32, 35.16, 35.49, 40.44, 39.46, 43.29, 45.07], "train_loss": [4.120056636498102, 3.568664933104649, 3.1901170573271145, 2.9211364194865115, 2.6267781623489106, 2.352746877219061, 2.1574561444999616, 2.0286368765794407, 1.948071889560241, 1.8845122831556804]}