{"train_acc": [6.364, 15.338, 21.832, 26.254, 29.624, 32.376, 35.042, 37.898, 39.592, 41.56], "test_acc": [11.46, 18.06, 23.8, 26.83, 28.64, 29.07, 32.38, 32.73, 35.09, 34.97], "train_loss": [4.1046366950739985, 3.5288503252331864, 3.191468440053408, 2.9672778250311342, 2.787206896125813, 2.6534772794264967, 2.5333601939098913, 2.4121019858533463, 2.3104828920815605, 2.2334611707026393]}